Row,Identifier 1,Identifier 2,Comment,Amount,corrected,d 15N/14N,AT% 15N/14N,d 13C/12C,AT% 13C/12C,Amt% N,Amt% C,EH,RM,Sclerotia,Cystidia,Matts,Colour,Notes
,,,,,,,,,,,,,,,,,,
6,K7_1,leaves,dil 96,1.02,,-2.598,0.365523,-33.134,1.069416,2.84,48.59,,,,,,,
7,K5_1,leaves,dil 96,0.933,,-4.515,0.364823,-33.286,1.06925,3.34,50.45,,,,,,,
8,K5_2,leaves,dil 96,1.007,,-4.152,0.364956,-33.924,1.068551,2.58,51.67,,,,,,,
9,W4_2,leaves,dil 96,0.952,,-2.26,0.365647,-33.997,1.068471,2.3,49.93,,,,,,,
10,W1,leaves,dil 96,0.934,,-2.32,0.365625,-33.323,1.069208,2.65,49.25,,,,,,,
11,W3,leaves,dil 96,0.971,,-3.525,0.365185,-34.112,1.068345,2.58,51.57,,,,,,,
,,,,,,,,,,,,,,,,,,
14,Control,Mykorrhiza,dil 80,0.935,,2263.726,1.186224,-28.02,1.075011,1.59,38.36,,,,,,,
15,C9- K5_1,Mykorrhiza,dil 80,0.108,,859.993,0.679494,-26.97,1.07616,3.91,49.41,0,0,0,0,0,yellow,ginger-root
16,D8- W1,Mykorrhiza,dil 80,0.905,,5832.057,2.451365,-27.121,1.075995,1.3,31.45,1,0,0,0,0,black,much dirt on it
17,B4- K5_2,Mykorrhiza,dil 80,0.105,,2845.99,1.394899,-28.053,1.074975,3.06,50.48,1,0,0,0,0,black,
18,A1- K7_1,Mykorrhiza,dil 80,0.91,,5605.183,2.371893,-34.177,1.068274,1.77,46.59,0,0,0,0,0,yellow,
20,A2-W4_2,Mykorrhiza,dil 80,0.779,,4992.971,2.156792,-26.823,1.076321,4.02,38.94,1,1,0,0,0,white,
21,A3- W4_2,Mykorrhiza,dil 80,0.93,,2041.321,1.106283,-26.664,1.076495,2.1,38.74,1,0,0,0,0,tan,
22,A4-W4_2,Mykorrhiza,dil 80,0.987,,8151.588,3.256518,-26.384,1.076801,2.11,45.72,0,0,0,0,0,yellow,
24,A5-W3,Mykorrhiza,dil 80,0.258,,2368.46,1.223824,-28.056,1.074972,2.5,41.52,1,0,0,0,0,black,
25,A6-W3,Mykorrhiza,dil 80,0.59,,7693.883,3.098695,-32.968,1.069597,2.11,42.47,0,0,0,1,0,yellow,
26,A7-W3,Mykorrhiza,dil 80,0.346,,4870.978,2.113816,-33.327,1.069204,1.99,48.28,1,1,0,0,0,yellow,
27,A8-W3,Mykorrhiza,dil 80,0.168,,1752.036,1.00211,-28.29,1.074716,3.3,32.7,1,0,0,0,0,white,
28,A9-W3,Mykorrhiza,dil 80,1.014,,3757.752,1.719898,-30.751,1.072023,1.92,45.05,1,1,0,0,0,black,"yellow and black, two types mixed"
30,B1-K5_2,Mykorrhiza,dil 80,0.986,,8441.293,3.356148,-33.24,1.069299,2.7,48.22,1,1,0,0,0,tan,
31,B2-K5_2,Mykorrhiza,dil 80,0.975,,4337.188,1.925328,-32.973,1.069592,1.51,41.86,1,1,0,0,0,black-white,"probably mixed colony, one black + EH, other tan + RM"
32,B3-K5_2,Mykorrhiza,dil 80,1.053,,13352.544,5.014433,-27.46,1.075623,2.06,48.05,0,0,0,0,0,tan,newly colonized roots
33,B5-K5_2,Mykorrhiza,dil 80,0.068,,2315.891,1.204955,-33.523,1.06899,3.5,46.52,1,1,0,0,0,black,
35,B6-K5_2,Mykorrhiza,dil 80,0.914,,2797.659,1.377612,-33.806,1.06868,1.6,45.25,1,0,1,0,0,tan,
36,B7-K5_2,Mykorrhiza,dil 80,0.988,,7122.283,2.900873,-34.317,1.068122,1.58,44.29,1,1,0,0,0,black,
37,B8-K5_2,Mykorrhiza,dil 80,0.997,,4731.707,2.064708,-33.699,1.068797,1.54,49.86,1,0,0,0,0,tan,"maybe 2 types: one tan + smooth, one tan + EH"
38,B9-K5_2,Mykorrhiza,dil 80,0.96,,5700.782,2.405396,-33.895,1.068583,1.39,50.42,0,0,0,0,0,black-white,
40,C1-K5_1,Mykorrhiza,dil 80,0.933,,605.398,0.587031,-26.889,1.076249,2.27,45.04,1,0,0,0,0,white,very dense EH
41,C2-K5_1,Mykorrhiza,dil 80,0.916,,1698.104,0.982665,-23.407,1.080058,2.4,34.92,0,1,0,0,0,white,only RM
42,C3-K5_1,Mykorrhiza,dil 80,0.927,,547.356,0.565927,-27.404,1.075685,2.05,38.53,1,0,0,0,0,white,
43,C4-K5_1,Mykorrhiza,dil 80,0.99,,2957.636,1.434811,-31.342,1.071377,2.2,51.5,0,0,0,0,0,tan,"""ginger roots"""
45,C5-K5_1,Mykorrhiza,dil 80,0.997,,575.267,0.576077,-27.006,1.07612,2.34,48.19,1,1,0,0,0,brown,
46,C6-K5_1,Mykorrhiza,dil 80,0.797,,2294.697,1.197345,-32.496,1.070114,2.31,48.89,1,0,0,0,0,black-white,black blobs with white EH
47,C7-K5_1,Mykorrhiza,dil 80,0.881,,1539.726,0.925516,-31.262,1.071464,1.83,34.63,1,0,0,0,0,white,
48,C8-K5_1,Mykorrhiza,dil 80,0.438,,1142.143,0.781763,-30.626,1.07216,2.62,47.69,0,1,0,0,0,white,
50,D1-W1,Mykorrhiza,dil 80,0.915,,9901.257,3.855121,-32.497,1.070112,1.85,43.3,1,0,0,0,0,black-tan,
51,D2-W1,Mykorrhiza,dil 80,0.873,,4854.663,2.108066,-27.297,1.075802,1.63,31.34,1,1,0,0,0,black-tan,
52,D3-W1,Mykorrhiza,dil 80,0.965,,9177.583,3.608436,-27.778,1.075276,2.04,43.86,1,0,0,0,0,black,
53,D4-W1,Mykorrhiza,dil 80,0.149,,5295.592,2.263236,-27.608,1.075462,2.97,45.87,0,0,0,1,0,tan,
55,D5-W1,Mykorrhiza,dil 80,0.481,,4928.447,2.134066,-26.714,1.07644,2.05,42.99,0,1,0,0,0,brown,
56,D6-W1,Mykorrhiza,dil 80,0.36,,1719.493,0.990377,-26.011,1.077209,3.14,39.7,0,1,0,0,0,white,
57,D7-W1,Mykorrhiza,dil 80,1.006,,12162.063,4.617714,-31.988,1.070669,1.64,37.16,1,1,0,0,0,black-tan,
